MTB_Natur,mtb_nr_order2_try2
Aachener Huegelland,VENNVORLAND
Achim-Verdener Geest,STADER GEEST
Adelegg,VORALPINES HÜGEL-UND MOORLAND
Ahreifel,OSTEIFEL
Aindlinger Terrassentreppe,DONAU-ILLER-LECH-PLATTEN
Albuch und Haertsfeld,SCHWÄBISCHE ALB (SCHWABENALB)
Alb-Wutach-Gebiet,GÄUPLATTEN IM NECKAR-UND TAUBERLAND
Alfelder Bergland (Ith und Hils-Bergland),WESER-LEINEBERGLAND
Aller-Talsandebene,WESER-ALLER-FLACHLAND
Allgaeuer Hochalpen,NÖRDLICHE KALKHOCHALPEN
Altenburg-Zeitzer Loessgebiet,SÄCHSISCHES HÜGELLAND (EINSCHL. LEIPZIGER LAND)
Alzeyer Huegelland,NÖRDLICHES OBERRHEINTIEFLAND
Alzplatte,ISAR-INN-SCHOTTERPLATTEN
Ammergebirge,SCHWÄBISCH-OBERBAYERISCHE VORALPEN
Ammer-Loisach-Huegelland,VORALPINES HÜGEL-UND MOORLAND
Amoeneburger Becken,WESTHESSISCHES BERGLAND
Angeln,SCHLESWIG-HOLSTEINISCHES HÜGELLAND
Ã–stliche Flaeminghochflaeche,FLÄMING 
Ã–stliche Harzabdachung,HARZ 
Ã–stliche Hocheifel,OSTEIFEL 
Ã–stlicher Hintertaunus,TAUNUS
Ã–stliches Harzvorland,MITTELDEUTSCHES SCHWARZERDEGEBIET
Baar,GÄUPLATTEN IM NECKAR-UND TAUBERLAND
Baaralb und Oberes Donautal,SCHWÄBISCHE ALB (SCHWABENALB)
Barmstedt-Kisdorfer Geest,SCHLESWIG-HOLSTEINISCHE GEEST
Barnimplatte,OSTBRANDENBURGISCHE PLATTE
Baruther Tal (mit Fiener Bruch),MITTELBRANDENBURGISCHE PLATTEN UND NIEDERUNGEN
Bauland,GÄUPLATTEN IM NECKAR-UND TAUBERLAND
Beelitzer Heide,MITTELBRANDENBURGISCHE PLATTEN UND NIEDERUNGEN
Beeskower Platte,OSTBRANDENBURGISCHES HEIDE-UND SEENGEBIET
Bellin und Glin,LUCHLAND
Belziger Vorflaeming,FLÄMING
Berchtesgadener Alpen,NÖRDLICHE KALKHOCHALPEN
Bergische Hochflaechen,BERGISCH-SAUERLÄNDISCHES GEBIRGE (SÜDERBERGLAND)
Bergisch-Sauerlaendisches Unterland,BERGISCH-SAUERLÄNDISCHES GEBIRGE (SÜDERBERGLAND)
Bergland der oberen Agger und Wiehl,BERGISCH-SAUERLÄNDISCHES GEBIRGE (SÜDERBERGLAND)
Berlin-Fuerstenwalder Spreetalniederung,OSTBRANDENBURGISCHES HEIDE-UND SEENGEBIET
Bersenbruecker Land,DÜMMER-GEESTNIEDERUNG
Bielefelder Osning,UNTERES WESERBERGLAND
Bitburger Gutland,GUTLAND
Bittkauer Platte,ELBTALNIEDERUNG
Bliesgau,PFÄLZISCH-SAARLÄNDISCHES MUSCHELKALKGEBIET
Bodeniederung,MITTELDEUTSCHES SCHWARZERDEGEBIET
Bodenseebecken,VORALPINES HÜGEL-UND MOORLAND
Bourtanger Moor und Weener Geest,EMS-HUNTE-GEEST
Brandenburg-Potsdamer Havelgebiet,MITTELBRANDENBURGISCHE PLATTEN UND NIEDERUNGEN
Braunschweig-Hildesheimer Loessboerde,NIEDERSÄCHSISCHE BÖRDEN
Bredstedt-Husumer Geest,SCHLESWIG-HOLSTEINISCHE GEEST
Britzer Platte,MECKLENBURGISCHE SEENPLATTE
Buckower Huegel- und Kesselland (Maerkische Schweiz),OSTBRANDENBURGISCHE PLATTE
Bueckebergvorland,NIEDERSÄCHSISCHE BÖRDEN
Buedinger Wald,"ODENWALD,SPESSART UND SÜDRHÖN"
Burgdorf-Peiner Geestplatten,WESER-ALLER-FLACHLAND
Burgwald,WESTHESSISCHES BERGLAND
Burg-Ziesarer Vorflaeming,FLÄMING
Calenberger Bergland,WESER-LEINEBERGLAND
Calenberger Loessboerde,NIEDERSÄCHSISCHE BÖRDEN
Cham-Further Senke,OBERPFÄLZER UND BAYERISCHER WALD 
Chiemgauer Alpen,SCHWÄBISCH-OBERBAYERISCHE VORALPEN
Cloppenburger Geest,EMS-HUNTE-GEEST
Cottbuser Sandplatte,LAUSITZER BECKEN-UND HEIDELAND
Cottbuser Schwemmsandfaecher,SPREEWALD
Dahlen-Duebener Heiden,ELBE-MULDE-TIEFLAND
Dahme-Seengebiet,OSTBRANDENBURGISCHES HEIDE-UND SEENGEBIET
Dahner Felsenland,HAARDTGEBIRGE
Delmenhorster Geest,EMS-HUNTE-GEEST
Diepholzer Moorniederung,DÜMMER-GEESTNIEDERUNG
Dilltal,WESTERWALD
Dinkelberg,HOCHRHEINGEBIET
Dithmarscher Marsch,SCHLESWIG-HOLSTEINISCHE MARSCHEN (UND INSELN)
Donau-Ablach-Platten,DONAU-ILLER-LECH-PLATTEN
Donau-Isar-Huegelland,UNTERBAYERISCHES HÜGELLAND
Donaumoos,UNTERBAYERISCHES HÜGELLAND
Donauried,DONAU-ILLER-LECH-PLATTEN
Dosseniederung,NORDBRANDENBURGISCHES PLATTEN-UND HÜGELLAND
Dresdener Elbtalgebiet,SÄCHSISCHES HÜGELLAND (EINSCHL. LEIPZIGER LAND)
Droemling,WESER-ALLER-FLACHLAND
Dungau,UNTERBAYERISCHES HÜGELLAND
Eberswalder Tal,MECKLENBURGISCHE SEENPLATTE
Egge,OBERES WESERBERGLAND
Eichsfelder Becken (Goldene Mark),WESER-LEINEBERGLAND
Eiderstedter Marsch,SCHLESWIG-HOLSTEINISCHE MARSCHEN (UND INSELN)
Eider-Treene-Niederung,SCHLESWIG-HOLSTEINISCHE GEEST
Elbe-Elster-Tiefland,ELBE-MULDE-TIEFLAND
Elbsandsteingebirge,SÄCHSISCH-BÖHMISCHES KREIDESANDSTEINGEBIET
Emscherland,WESTFÄLISCHE TIEFLANDSBUCHT
Emsmarschen,EMS-WESER-MARSCH
Erzgebirgisches Becken,ERZGEBIRGSVORLAND
Falkensteiner Vorwald,OBERPFÄLZER UND BAYERISCHER WALD
Ferschweiler Plateau,GUTLAND
Filder,SCHWÄBISCHES KEUPER-LIAS-LAND
Flachwelliges unteres Warnowgebiet,MECKLENBURGISCH-VORPOMMERSCHES KÜSTENGEBIET
Frankenhoehe,FRÄNKISCHES KEUPER-LIAS-LAND
Freiburger Bucht,SÜDLICHES OBERRHEINTIEFLAND
Friedlaender GroÃ¡e Wiese,ODERHAFFGEBIET
Fuerstenberger Odertal,OSTBRANDENBURGISCHES HEIDE-UND SEENGEBIET
Fuerstenfeldbrucker Huegelland,ISAR-INN-SCHOTTERPLATTEN
Fuldaer Senke,OSTHESSISCHES BERGLAND
Fulda-Haune-Tafelland,OSTHESSISCHES BERGLAND
Fulda-Werra-Bergland,OSTHESSISCHES BERGLAND
Gaeuplatten im Maindreieck,MAINFRÄNKISCHE PLATTEN
Genthiner Land,ELBTALNIEDERUNG
Gladenbacher Bergland,WESTERWALD
Glan-Alsenz-Berg- und Huegelland,SAAR-NAHE-BERGLAND
Goettingen-Northeimer Wald,WESER-LEINEBERGLAND
Grabfeldgau,MAINFRÄNKISCHE PLATTEN
Granseer Platte,NORDBRANDENBURGISCHES PLATTEN-UND HÜGELLAND
Grimmaer Porphyrhuegelland,SÄCHSISCHES HÜGELLAND (EINSCHL. LEIPZIGER LAND)
Grindenschwarzwald und Enzhoehen,SCHWARZWALD
GroÃ¡enhainer Pflege,SÄCHSISCHES HÜGELLAND (EINSCHL. LEIPZIGER LAND)
Gubener Land (mit Diehloer Huegeln),OSTBRANDENBURGISCHES HEIDE-UND SEENGEBIET
Guben-Forster NeiÃ¡etal,OSTBRANDENBURGISCHES HEIDE-UND SEENGEBIET
HaÃ¡berge,FRÄNKISCHES KEUPER-LIAS-LAND 
Haardtrand,NÖRDLICHES OBERRHEINTIEFLAND
Habichtswald,WESTHESSISCHES BERGLAND
Hamburger Ring,SCHLESWIG-HOLSTEINISCHE GEEST
Hamme-Oste-Niederung,STADER GEEST
Hannoversche Moorgeest,WESER-ALLER-FLACHLAND
Hardtebenen,NÖRDLICHES OBERRHEINTIEFLAND
Harzrandmulde,NÖRDLICHES HARZVORLAND
Hegau,SCHWÄBISCHE ALB (SCHWABENALB)
Hegaualb,SCHWÄBISCHE ALB (SCHWABENALB)
Heide-Itzehoer Geest,SCHLESWIG-HOLSTEINISCHE GEEST
Hellwegboerden,WESTFÄLISCHE TIEFLANDSBUCHT
Helme-Unstrut-Niederung,THÜRINGER BECKEN UND RANDPLATTEN
Hesselbacher Waldland,MAINFRÄNKISCHE PLATTEN
Hessische Rheinebene,NÖRDLICHES OBERRHEINTIEFLAND
Hinterer Bayerischer Wald,OBERPFÄLZER UND BAYERISCHER WALD
Hinterer Bregenzer Wald,NÖRDLICHE KALKHOCHALPEN
Hinterer Oberpfaelzer Wald,OBERPFÄLZER UND BAYERISCHER WALD
Hoch- und Idarwald,HUNSRÜCK
Hochrheintal,HOCHRHEINGEBIET
Hochsauerland (Rothaargebirge),BERGISCH-SAUERLÄNDISCHES GEBIRGE (SÜDERBERGLAND) 
Hochschwarzwald,SCHWARZWALD
Hoehen und Binnenbodden von Nordruegen,MECKLENBURGISCH-VORPOMMERSCHES KÜSTENGEBIET
Hohe Heide,LÜNEBURGER HEIDE
Hohe Schwabenalb,SCHWÄBISCHE ALB (SCHWABENALB)
Hohenloher und Haller Ebene,GÄUPLATTEN IM NECKAR-UND TAUBERLAND
Hoher Taunus,TAUNUS
Hoher Vogelsberg (mit Oberwald),OSTHESSISCHES BERGLAND
Hoher Westerwald,WESTERWALD
Hohes Fichtelgebirge,THÜRINGISCH-FRÄNKISCHES MITTELGEBIRGE
Hohes Venn,WESTEIFEL
Holsteinische Elbmarschen,UNTERELBENIEDERUNG
Holsteinische Vorgeest,SCHLESWIG-HOLSTEINISCHE GEEST
Holzstoecke,DONAU-ILLER-LECH-PLATTEN
Huegelland der unteren RiÃ¡,DONAU-ILLER-LECH-PLATTEN
Hunsrueckhochflaeche,HUNSRÜCK
Hunte-Leda-Moorniederung,OSTFRIESISCH-OLDENBURGISCHE GEEST
Iller-Lech-Schotterplatten,DONAU-ILLER-LECH-PLATTEN
Iller-Vorberge,VORALPINES HÜGEL-UND MOORLAND
Ilm-Saale- und Ohrdrufer Platte,THÜRINGER BECKEN UND RANDPLATTEN
Inn-Chiemsee-Huegelland,VORALPINES HÜGEL-UND MOORLAND
Inneres Flach- und Huegelland von Ruegen,NORDOSTMECKLENBURGISCHES FLACHLAND
Innersauerlaender Senken,BERGISCH-SAUERLÄNDISCHES GEBIRGE (SÜDERBERGLAND) 
Innerstebergland,WESER-LEINEBERGLAND
Isar-Inn-Huegelland,UNTERBAYERISCHES HÜGELLAND
Isen-Sempt-Huegelland,ISAR-INN-SCHOTTERPLATTEN
Islek,WESTEIFEL
Isselebene,NIEDERRHEINISCHES TIEFLAND
Itz-Baunach-Huegelland,FRÄNKISCHES KEUPER-LIAS-LAND
Jeetze-Duemme-Lehmplatte und Arendseer Platte,ALTMARK
Juelicher Boerde,NIEDERRHEINISCHE BUCHT
Kaiserslauterer Senke,SAAR-NAHE-BERGLAND
Kalkeifel,OSTEIFEL
Karwendelgebirge,NÖRDLICHE KALKHOCHALPEN
Kellerwald,WESTHESSISCHES BERGLAND
Kempen-Aldekerker Platten,NIEDERRHEINISCHES TIEFLAND
Kernmuensterland,WESTFÄLISCHE TIEFLANDSBUCHT
Kirchhain-Finsterwalder Becken,LAUSITZER BECKEN-UND HEIDELAND
Kloetzer Heide,ALTMARK
Knuellgebirge und Homberger Hochland,OSTHESSISCHES BERGLAND
Kocheler Berge,SCHWÄBISCH-OBERBAYERISCHE VORALPEN
Kocher-Jagst-Ebenen,GÄUPLATTEN IM NECKAR-UND TAUBERLAND
Koeln-Bonner Rheinebene (Koelner Bucht),NIEDERRHEINISCHE BUCHT 
Koenigsbrueck-Ruhlander Heiden,OBERLAUSITZER HEIDELAND
Koethener Ebene,MITTELDEUTSCHES SCHWARZERDEGEBIET
Kraichgau,GÄUPLATTEN IM NECKAR-UND TAUBERLAND
Kufsteiner Becken,SCHWÄBISCH-OBERBAYERISCHE VORALPEN
Kyllburger Waldeifel,OSTEIFEL
Kyritzer Platte,NORDBRANDENBURGISCHES PLATTEN-UND HÜGELLAND
Lallinger Winkel,OBERPFÄLZER UND BAYERISCHER WALD
Land Schollene,ELBTALNIEDERUNG
Lange Rhoen,OSTHESSISCHES BERGLAND
Lauenburger Geest,SCHLESWIG-HOLSTEINISCHE GEEST
Lausitzer Bergland,OBERLAUSITZ
Lausitzer Gefilde,OBERLAUSITZ
Lausitzer Grenzwall,LAUSITZER BECKEN-UND HEIDELAND
Lausitzer Platte,SÄCHSISCHES HÜGELLAND (EINSCHL. LEIPZIGER LAND)
Lebusplatte,OSTBRANDENBURGISCHE PLATTE
Lech-Vorberge,VORALPINES HÜGEL-UND MOORLAND
Lech-Wertach-Ebenen,DONAU-ILLER-LECH-PLATTEN
Lecker Geest,SCHLESWIG-HOLSTEINISCHE GEEST
Lehniner Land,MITTELBRANDENBURGISCHE PLATTEN UND NIEDERUNGEN
Leine-Ilme-Senke,WESER-LEINEBERGLAND
Leizpiger Land,SÄCHSISCHES HÜGELLAND (EINSCHL. LEIPZIGER LAND)
Letzlinger Heide,ALTMARK
Leuthener Sandplatte,OSTBRANDENBURGISCHES HEIDE-UND SEENGEBIET
Lieberoser Heide und Schlaubegebiet,OSTBRANDENBURGISCHES HEIDE-UND SEENGEBIET
Limburger Becken,LAHNTAL
Lingener Land,DÜMMER-GEESTNIEDERUNG
Lipper Bergland,OBERES WESERBERGLAND
Loccumer Geest,WESER-ALLER-FLACHLAND
Loferer und Leoganger Alpen,NÖRDLICHE KALKHOCHALPEN
Lonetal-Flaechenalb (Niedere Alb),SCHWÄBISCHE ALB (SCHWABENALB)
Luckau-Calauer Becken,LAUSITZER BECKEN-UND HEIDELAND
Luckenwalder Heide,MITTELBRANDENBURGISCHE PLATTEN UND NIEDERUNGEN
Luebbecker Loessland,UNTERES WESERBERGLAND 
Luechower Niederung,ALTMARK
Luheheide,LÜNEBURGER HEIDE
Maerkische Elbtalniederung,ELBTALNIEDERUNG
Magdeburger Boerde,MITTELDEUTSCHES SCHWARZERDEGEBIET
Main-Taunusvorland,RHEIN-MAIN-TIEFLAND
Malxe-Spree-Niederung,SPREEWALD
Mangfallgebirge,SCHWÄBISCH-OBERBAYERISCHE VORALPEN
Marburg-GieÃ¡ener Lahntal,WESTHESSISCHES BERGLAND
Markgraefler Huegelland,SÜDLICHES OBERRHEINTIEFLAND
Markgraefler Rheinebene,SÜDLICHES OBERRHEINTIEFLAND
Marktheidenfelder Platte,MAINFRÄNKISCHE PLATTEN
Mechernicher Voreifel,OSTEIFEL
Mecklenburgisches GroÃ¡seenland,MECKLENBURGISCHE SEENPLATTE
Mecklenburgisch-Vorpommersches Grenztal,NORDOSTMECKLENBURGISCHES FLACHLAND
Merziger Muschelkalkplatte,PFÄLZISCH-SAARLÄNDISCHES MUSCHELKALKGEBIET
Messeler Huegelland,RHEIN-MAIN-TIEFLAND
Mittelfraenkisches Becken,FRÄNKISCHES KEUPER-LIAS-LAND
Mittelharz,HARZ
Mittelrheinisches Becken,MITTELRHEINGEBIET
Mittelsaarlaendisches Waldland,SAAR-NAHE-BERGLAND
Mittelsaechsisches Loessgebiet,SÄCHSISCHES HÜGELLAND (EINSCHL. LEIPZIGER LAND)
Mittelsaechsisches Loesslehmhuegelland,ERZGEBIRGSVORLAND 
Mittelsieg-Bergland,BERGISCH-SAUERLÄNDISCHES GEBIRGE (SÜDERBERGLAND)
Mittelvogtlaendisches Kuppenland,VOGTLAND
Mittlere Flaechenalb,SCHWÄBISCHE ALB (SCHWABENALB)
Mittlere Frankenalb,FRÄNKISCHE ALB (FRANKENALB)
Mittlere Kuppenalb,SCHWÄBISCHE ALB (SCHWABENALB)
Mittlere Niederrheinebene,NIEDERRHEINISCHES TIEFLAND
Mittlerer Schwarzwald,SCHWARZWALD
Mittleres Emstal,EMS-HUNTE-GEEST
Mittleres Moseltal (Schiefergebirgs-Moseltal),MOSELTAL
Mittleres Wesertal,DÜMMER-GEESTNIEDERUNG
Montabaurer Westerwald,WESTERWALD 
Moseleifel (Niedereifel),OSTEIFEL
Moselhunsrueck,HUNSRÜCK
Mosel-Saar-Gau,GUTLAND
Muenchberger Hochflaeche,THÜRINGISCH-FRÄNKISCHES MITTELGEBIRGE
Muenchener Ebene,ISAR-INN-SCHOTTERPLATTEN
Muenstereifeler Wald,OSTEIFEL
Muskauer Heide,OBERLAUSITZER HEIDELAND
Naab-Wondreb-Senke,THÜRINGISCH-FRÄNKISCHES MITTELGEBIRGE
Nauener Platte,MITTELBRANDENBURGISCHE PLATTEN UND NIEDERUNGEN
Neckarbecken,GÄUPLATTEN IM NECKAR-UND TAUBERLAND
Neckar-Rhein-Ebene,NÖRDLICHES OBERRHEINTIEFLAND
NeiÃ¡egebiet,OBERLAUSITZ
Neustrelitzer Kleinseenland,MECKLENBURGISCHE SEENPLATTE
Niederlausitzer Randhuegel,LAUSITZER BECKEN-UND HEIDELAND
Niederrheinische Hoehen,NIEDERRHEINISCHES TIEFLAND
Niederrheinische Sandplatten,NIEDERRHEINISCHES TIEFLAND
Niederung der Lewitz und unteren Elde,SÜDWESTLICHES VORLAND DER MECKLENBURGISCHEN SEENPLATTE 
Niersniederung,NIEDERRHEINISCHES TIEFLAND
Noerdliche Frankenalb,FRÄNKISCHE ALB (FRANKENALB)
Noerdliche Oberrheinniederung,NÖRDLICHES OBERRHEINTIEFLAND
Noerdlicher Talschwarzwald,SCHWARZWALD
Noerdliches Flaeming-Waldhuegelland,FLÄMING
Nordfriesische Geestinseln,SCHLESWIG-HOLSTEINISCHE MARSCHEN (UND INSELN)
Nordfriesische Marsch,SCHLESWIG-HOLSTEINISCHE MARSCHEN (UND INSELN)
Nordfriesische Marschinseln und Halligen,SCHLESWIG-HOLSTEINISCHE MARSCHEN (UND INSELN)
Nordhorn-Bentheimer Sandniederung,DÜMMER-GEESTNIEDERUNG
Nordmecklenburgische Lehmplatten,NORDOSTMECKLENBURGISCHES FLACHLAND
Nordmecklenburgisches Boddenland,MECKLENBURGISCH-VORPOMMERSCHES KÜSTENGEBIET
Nordoestliches Harzvorland,MITTELDEUTSCHES SCHWARZERDEGEBIET
Nordoldenburg und Fehmarn,SCHLESWIG-HOLSTEINISCHES HÜGELLAND
Nordsauerlaender Oberland,BERGISCH-SAUERLÄNDISCHES GEBIRGE (SÜDERBERGLAND)
Nordthueringer Huegelland,THÜRINGER BECKEN UND RANDPLATTEN
Nordwestmecklenburgisches Huegelland und Wismarbucht,MECKLENBURGISCH-VORPOMMERSCHES KÜSTENGEBIET
Nuthe-Notte-Niederung,MITTELBRANDENBURGISCHE PLATTEN UND NIEDERUNGEN
Obere Allerniederung,WESER-ALLER-FLACHLAND
Obere Gaeue,GÄUPLATTEN IM NECKAR-UND TAUBERLAND
Oberes Mittelrheintal,MITTELRHEINGEBIET
Oberes Nahebergland,SAAR-NAHE-BERGLAND
Oberes Osterzgebirge,ERZGEBIRGE
Oberes Peenegebiet (mit Teterower und Malchiner Becken),RÜCKLAND DER MECKLENBURGISCHEN SEENPLATTE 
Oberes PleiÃ¡eland,ERZGEBIRGSVORLAND
Oberes Tollensegebiet (mit Tollensebecken),RÜCKLAND DER MECKLENBURGISCHEN SEENPLATTE 
Oberes Vogtland,VOGTLAND
Oberes Warnow-Elde-Gebiet,MECKLENBURGISCHE SEENPLATTE
Oberes Westerzgebirge,ERZGEBIRGE
Oberharz,HARZ
Oberhessische Schwelle,WESTHESSISCHES BERGLAND
Oberlausitzer Teichgebiet,OBERLAUSITZER HEIDELAND
Obermainisches Huegelland,OBERPFÄLZISCH-OBERMAINISCHES HÜGELLAND
Oberpfaelzisches Huegelland,OBERPFÄLZISCH-OBERMAINISCHES HÜGELLAND
Oberschwaebisches Huegelland,VORALPINES HÜGEL-UND MOORLAND
Oberwaelder Land,OBERES WESERBERGLAND
Oberwesterwald,WESTERWALD
Ochsenfurter und Gollachgau,MAINFRÄNKISCHE PLATTEN
Oderbruch (mit Frankfurter Odertal),ODERTAL 
Offenburger Rheinebene,MITTLERES OBERRHEINTIEFLAND
Oldenburger Geest,OSTFRIESISCH-OLDENBURGISCHE GEEST
Oschatzer Huegelland,SÄCHSISCHES HÜGELLAND (EINSCHL. LEIPZIGER LAND)
Osnabruecker Huegelland,UNTERES WESERBERGLAND
Ostbraunschweigisches Flachland,WESER-ALLER-FLACHLAND
Ostbraunschweigisches Huegelland,NÖRDLICHES HARZVORLAND
Ostfriesische Geest,OSTFRIESISCH-OLDENBURGISCHE GEEST
Ostfriesische Inseln und Watten,EMS-WESER-MARSCH
Ostfriesische Seemarschen,EMS-WESER-MARSCH
Ostfriesische Zentralmoore,OSTFRIESISCH-OLDENBURGISCHE GEEST
Ostheide,LÜNEBURGER HEIDE
Ostholsteinisches Huegel- und Seenland,SCHLESWIG-HOLSTEINISCHES HÜGELLAND 
Ostlausitzer Vorberge,OBERLAUSITZ
Ostmuensterland,WESTFÄLISCHE TIEFLANDSBUCHT
Ostsauerlaender Gebirgsrand,BERGISCH-SAUERLÄNDISCHES GEBIRGE (SÜDERBERGLAND)
Ostthueringisch-Vogtlaendische Hochflaechen,VOGTLAND
Ostwaldecker Randsenken (Waldecker Bundsandsteinruecken),WESTHESSISCHES BERGLAND
Paderborner Hochflaeche,OBERES WESERBERGLAND
Parchim-Meyenburger Sandflaechen,NORDBRANDENBURGISCHES PLATTEN-UND HÜGELLAND
Passauer Abteiland und Neuburger Wald,OBERPFÄLZER UND BAYERISCHER WALD
Perleberger Heide,NORDBRANDENBURGISCHES PLATTEN-UND HÜGELLAND
Pfaelzerwald,HAARDTGEBIRGE
Plantluenner Sandebene,DÜMMER-GEESTNIEDERUNG
Prignitz,NORDBRANDENBURGISCHES PLATTEN-UND HÜGELLAND
Prims-Blies-Huegelland,SAAR-NAHE-BERGLAND
Pyrmonter Bergland,OBERES WESERBERGLAND
Querfurter Platte und Untere Unstrutplatten,THÜRINGER BECKEN UND RANDPLATTEN 
Rahden-Diepenauer Geest,DÜMMER-GEESTNIEDERUNG
Randen (Klettgau- u. Randenalb),SCHWÄBISCHE ALB (SCHWABENALB)
Ravensberger Land,UNTERES WESERBERGLAND
Regensenke,OBERPFÄLZER UND BAYERISCHER WALD
Rheingau,RHEIN-MAIN-TIEFLAND
Rheinheimer Huegelland,RHEIN-MAIN-TIEFLAND
RiÃ¡-Aitrach-Platten,DONAU-ILLER-LECH-PLATTEN
Ries,SCHWÄBISCHES KEUPER-LIAS-LAND
Riesalb,SCHWÄBISCHE ALB (SCHWABENALB)
"Ringgau, Hainich, Obereichsfeld, Duen-Hainleite",THÜRINGER BECKEN UND RANDPLATTEN
Rinteln-Hamelner Weserland,OBERES WESERBERGLAND
RoÃ¡lau-Wittenberger Vorflaeming,FLÄMING
Ronneburger Huegelland,RHEIN-MAIN-TIEFLAND
Rostock-Gelbensander Heide,MECKLENBURGISCH-VORPOMMERSCHES KÜSTENGEBIET
Ruethnicker Heide,NORDBRANDENBURGISCHES PLATTEN-UND HÜGELLAND
Ruhner Berge,NORDBRANDENBURGISCHES PLATTEN-UND HÜGELLAND
Ruppiner Platte,NORDBRANDENBURGISCHES PLATTEN-UND HÜGELLAND
Rureifel,WESTEIFEL
Saale-Elster-Sandsteinplatte,THÜRINGER BECKEN UND RANDPLATTEN
Saarower Huegel,OSTBRANDENBURGISCHES HEIDE-UND SEENGEBIET
Saar-Ruwer-Hunsrueck,HUNSRÜCK
Salzachhuegelland,VORALPINES HÜGEL-UND MOORLAND
Salzunger Werrabergland,OSTHESSISCHES BERGLAND
Sandsteinodenwald,"ODENWALD,SPESSART UND SÜDRHÖN"
Sandsteinspessart,"ODENWALD,SPESSART UND SÜDRHÖN"
Schleswiger Vorgeest,SCHLESWIG-HOLSTEINISCHE GEEST
Schoenbuch und Glemswald,SCHWÄBISCHES KEUPER-LIAS-LAND
Schorfheide,MECKLENBURGISCHE SEENPLATTE
Schurwald und Welzheimer Wald,SCHWÄBISCHES KEUPER-LIAS-LAND
Schwaebisch-Fraenkische Waldberge,SCHWÄBISCHES KEUPER-LIAS-LAND
Schwalm-Nette-Platten,NIEDERRHEINISCHES TIEFLAND
"Schwansen, Daenischer Wohld u. Amt Huetten",SCHLESWIG-HOLSTEINISCHES HÜGELLAND 
Schwarzwald-Randplatten,SCHWARZWALD
Schweinfurter Becken,MAINFRÄNKISCHE PLATTEN
Schweringer See-Gebiet,MECKLENBURGISCHE SEENPLATTE 
Selb-Wunsiedler Hochflaeche,THÜRINGISCH-FRÄNKISCHES MITTELGEBIRGE
Selfkant,NIEDERRHEINISCHES TIEFLAND
Siegerland,BERGISCH-SAUERLÄNDISCHES GEBIRGE (SÜDERBERGLAND)
Simmerner Mulde,HUNSRÜCK
Soegeler Geest (Huemmling),EMS-HUNTE-GEEST
"Solling, Bramwald und Rheinhardswald",WESER-LEINEBERGLAND
Sollingvorland,WESER-LEINEBERGLAND
Soonwald,HUNSRÜCK
Soonwaldvorstufe,SAAR-NAHE-BERGLAND
Stader Elbmarschen,UNTERELBENIEDERUNG
Steigerwald,FRÄNKISCHES KEUPER-LIAS-LAND
Steigerwaldvorland,MAINFRÄNKISCHE PLATTEN
Stendaler Land,ALTMARK
Sternberg-Krakower Seen- und Sandergebiet,MECKLENBURGISCHE SEENPLATTE
Strelasund,NORDOSTMECKLENBURGISCHES FLACHLAND
Strom- und Heuchelberg,GÄUPLATTEN IM NECKAR-UND TAUBERLAND
Suedabdachung des Erzgebirges,ERZGEBIRGE
Suedharzer Zechsteinguertel,THÜRINGER BECKEN UND RANDPLATTEN
Suedheide,LÜNEBURGER HEIDE
Suedliche Frankenalb,FRÄNKISCHE ALB (FRANKENALB)
Suedliches Flaeminghuegelland,FLÄMING
Suedliches Vorland des Thueringer Waldes,THÜRINGISCH-FRÄNKISCHES MITTELGEBIRGE
Suedoestlicher Schwarzwald,SCHWARZWALD
Suedrhoen,"ODENWALD,SPESSART UND SÜDRHÖN"
Suedwestliches Harzvorland,WESER-LEINEBERGLAND
Suedwestmecklenburgische Niederungen (mit Sanderflaechen und Lehmplatten),SÜDWESTLICHES VORLAND DER MECKLENBURGISCHEN SEENPLATTE
Syker Geest,EMS-HUNTE-GEEST
Tangerhuetter Niederung,ELBTALNIEDERUNG
Tauberland,GÄUPLATTEN IM NECKAR-UND TAUBERLAND
Tecklenburger Osning,UNTERES WESERBERGLAND
Teltowplatte,MITTELBRANDENBURGISCHE PLATTEN UND NIEDERUNGEN
Templiner Platte,MECKLENBURGISCHE SEENPLATTE
Thedinghaeuser Vorgeest,WESER-ALLER-FLACHLAND
Thueringer Becken,THÜRINGER BECKEN UND RANDPLATTEN
Thueringer Schiefergebirge,THÜRINGISCH-FRÄNKISCHES MITTELGEBIRGE
Thueringer Wald,THÜRINGISCH-FRÄNKISCHES MITTELGEBIRGE
Uckermaerkisches Huegelland (mit Uecker- und Randowtal),RÜCKLAND DER MECKLENBURGISCHEN SEENPLATTE 
Ueckermuender Heide,ODERHAFFGEBIET
Uelzener Becken und Ilmenauniederung,LÜNEBURGER HEIDE
Untere Havelniederung,ELBTALNIEDERUNG
Untere Mittelelbe-Niederung,ELBTALNIEDERUNG
Untere Odertalniederung,ODERTAL
Untere Rheinniederung,NIEDERRHEINISCHES TIEFLAND
Unterer Vogelsberg,OSTHESSISCHES BERGLAND
Unteres Eichsfeld,WESER-LEINEBERGLAND
Unteres Illertal,DONAU-ILLER-LECH-PLATTEN
Unteres Inntal,ISAR-INN-SCHOTTERPLATTEN
Unteres Isartal,UNTERBAYERISCHES HÜGELLAND
Unteres Mittelrheingebiet,MITTELRHEINGEBIET
Unteres Naheland,NÖRDLICHES OBERRHEINTIEFLAND
Unteres Osterzgebirge,ERZGEBIRGE
"Unteres Rhinluch, Oberes Rhinluch u. Havellaendisches Luch",LUCHLAND 
Unteres Saartal,MOSELTAL
Unteres Unstrut-Berg- und Huegelland,THÜRINGER BECKEN UND RANDPLATTEN 
Unteres Werratal,OSTHESSISCHES BERGLAND
Unteres Westerzgebirge,ERZGEBIRGE
Unterharz,HARZ
Untermainebene,RHEIN-MAIN-TIEFLAND
Usedomer Huegelland,MECKLENBURGISCH-VORPOMMERSCHES KÜSTENGEBIET
VennfuÃ¡flaeche,VENNVORLAND
Verdener Wesertal,WESER-ALLER-FLACHLAND
Vilsergebirge,SCHWÄBISCH-OBERBAYERISCHE VORALPEN
Vorder- und Kuppenrhoen,OSTHESSISCHES BERGLAND
Vorderer Bayerischer Wald,OBERPFÄLZER UND BAYERISCHER WALD
Vorderer Bregenzer Wald,SCHWÄBISCH-OBERBAYERISCHE VORALPEN
Vorderer Oberpfaelzer Wald,OBERPFÄLZER UND BAYERISCHER WALD
Vorderer Odenwald,"ODENWALD,SPESSART UND SÜDRHÖN"
Vorderer Spessart,"ODENWALD,SPESSART UND SÜDRHÖN"
Vorderer Vogelsberg,WESTHESSISCHES BERGLAND
Vorderpfaelzer Tiefland,NÖRDLICHES OBERRHEINTIEFLAND
Vorland der Mittleren Frankenalb,FRÄNKISCHES KEUPER-LIAS-LAND 
Vorland der mittleren Schwaebischen Alb,SCHWÄBISCHES KEUPER-LIAS-LAND
Vorland der Noerdlichen Frankenalb,FRÄNKISCHES KEUPER-LIAS-LAND 
Vorland der oestlichen Schwaebischen Alb,SCHWÄBISCHES KEUPER-LIAS-LAND
Vorland der Suedlichen Frankenalb,FRÄNKISCHES KEUPER-LIAS-LAND 
Vorland der westlichen Schwaebischen Alb,SCHWÄBISCHES KEUPER-LIAS-LAND
Vortaunus,TAUNUS
Waldecker Tafelland,WESTHESSISCHES BERGLAND
Waldhuegelland des Oberbarnims,OSTBRANDENBURGISCHE PLATTE
Warburger Boerde,OBERES WESERBERGLAND
Warnow-Recknitz-Gebiet (mit Buetzower und Guestrower Becken),RÜCKLAND DER MECKLENBURGISCHEN SEENPLATTE
Wegscheider Hochflaeche,OBERPFÄLZER UND BAYERISCHER WALD
Weilburger Lahntal,LAHNTAL
Wern-Lauer-Platte,MAINFRÄNKISCHE PLATTEN
Wesermarschen,EMS-WESER-MARSCH
Wesermuendung Geest,STADER GEEST 
Westallgaeuer Huegelland,VORALPINES HÜGEL-UND MOORLAND
Westaltmaerkisches Waldhuegelland,ALTMARK
Westbarnim,OSTBRANDENBURGISCHE PLATTE
Westernhellweg,WESTFÄLISCHE TIEFLANDSBUCHT
Westhavellaendisches Laendchen,LUCHLAND 
Westhessische Senke,WESTHESSISCHES BERGLAND
Westlausitzer Vorberge,OBERLAUSITZ
Westliche Flaeminghochflaeche,FLÄMING
Westliche Hocheifel,WESTEIFEL
Westlicher Hintertaunus,TAUNUS
Westmecklenburgisches Seenhuegelland,MECKLENBURGISCHE SEENPLATTE
Westmuensterland,WESTFÄLISCHE TIEFLANDSBUCHT
Westsauerlaender Oberland,BERGISCH-SAUERLÄNDISCHES GEBIRGE (SÜDERBERGLAND)
Westthueringer Berg- und Huegelland,THÜRINGER BECKEN UND RANDPLATTEN 
Wetterau,RHEIN-MAIN-TIEFLAND
Wettersteingebirge,NÖRDLICHE KALKHOCHALPEN
Wittlicher Senke,MOSELTAL
Wittstock-Ruppiner Heide,NORDBRANDENBURGISCHES PLATTEN-UND HÜGELLAND
Woldegk-Feldberger Huegelland,RÜCKLAND DER MECKLENBURGISCHEN SEENPLATTE
Wuemmeniederung,STADER GEEST
Zehdenick-Spandauer Havelniederung,LUCHLAND
Zentraler Flaeming,FLÄMING
Zerbster Land (mit Leitzkauer Hoehen),FLÄMING
Zevener Geest,STADER GEEST
Zossen-Teupitzer Platten- und Huegelland,OSTBRANDENBURGISCHES HEIDE-UND SEENGEBIET
Zuelpicher Boerde,NIEDERRHEINISCHE BUCHT
Zweibruecker Westrich,PFÄLZISCH-SAARLÄNDISCHES MUSCHELKALKGEBIET
Ã–stliches Wiehengebirge (Luebbecker Eggen),UNTERES WESERBERGLAND 
Bergstrasse,NÖRDLICHES OBERRHEINTIEFLAND 
Grosses Bruch,NÖRDLICHES HARZVORLAND
Helgoland,SCHLESWIG-HOLSTEINISCHE MARSCHEN (UND INSELN)
Holzmindener Weserland,OBERES WESERBERGLAND
Idsteiner Senke,TAUNUS
Ingelheimer Rheinebene,RHEIN-MAIN-TIEFLAND
Kaiserstuhl,SÜDLICHES OBERRHEINTIEFLAND
Karower Platte,MITTELBRANDENBURGISCHE PLATTEN UND NIEDERUNGEN
Kyffhaeusergebirge,THÜRINGER BECKEN UND RANDPLATTEN
Lahr-Emmendinger Vorberge,MITTLERES OBERRHEINTIEFLAND
Mittleres Maintal,MAINFRÄNKISCHE PLATTEN
Mittleres Saaletal,THÜRINGER BECKEN UND RANDPLATTEN
Neuenhagener Sporn,ODERTAL
Niederwerdenfelser Land,SCHWÄBISCH-OBERBAYERISCHE VORALPEN
Oberstdorfer Becken,NÖRDLICHE KALKHOCHALPEN
Orlasenke,THÜRINGER BECKEN UND RANDPLATTEN
Ortenau-Buehler Vorberge,MITTLERES OBERRHEINTIEFLAND
Paulinzellaer Vorland,THÜRINGER BECKEN UND RANDPLATTEN
Rheinhunsrueck,HUNSRÜCK
Sandterrassen des unteren Odertals,ODERTAL
Schlebusch-Wahner Heide,NIEDERRHEINISCHE BUCHT
Stuttgarter Bucht,SCHWÄBISCHES KEUPER-LIAS-LAND
Unteres Lahntal,LAHNTAL 
Ville,NIEDERRHEINISCHE BUCHT
Waltershaeuser Vorberge,THÜRINGER BECKEN UND RANDPLATTEN
Weserengtal von Bodenwerder,OBERES WESERBERGLAND
Westliches Wiehengebirge (Wittlager Eggen),UNTERES WESERBERGLAND
Windsheimer Bucht,MAINFRÄNKISCHE PLATTEN
Zittauer Gebirge,SÄCHSISCH-BÖHMISCHES KREIDESANDSTEINGEBIET
